{"0": [8.704328536987305, 8.689472198486328, 8.682689666748047, 8.457321166992188, 8.413264274597168, 8.401348114013672, 8.387691497802734, 8.356918334960938, 8.348475456237793, 8.343093872070312, 8.343057632446289, 8.33147144317627, 8.309974670410156, 8.309633255004883, 8.29656982421875, 8.2877836227417, 8.279630661010742, 8.27644157409668, 8.275240898132324, 8.269767761230469, 8.234216690063477, 8.228015899658203, 8.22208023071289, 8.21967887878418, 8.213541030883789, 8.193942070007324, 8.187383651733398, 8.178630828857422, 8.173741340637207, 8.153291702270508, 8.146636962890625, 8.146583557128906, 8.141670227050781, 8.13071346282959, 8.128209114074707, 8.122321128845215, 8.114521026611328, 8.090494155883789, 8.085411071777344, 8.085407257080078, 8.08346176147461, 8.081254959106445, 8.078150749206543, 8.075433731079102, 8.064777374267578, 8.060992240905762, 8.059652328491211, 8.05962085723877, 8.05829906463623, 8.054136276245117, 8.052942276000977, 8.046016693115234, 8.044782638549805, 8.040035247802734, 8.038036346435547, 8.037076950073242, 8.035106658935547, 8.02409553527832, 8.021463394165039, 8.007673263549805, 8.005229949951172, 8.003093719482422, 8.002557754516602, 7.9985246658325195, 7.995349884033203, 7.992279529571533, 7.985245227813721, 7.9817118644714355, 7.981226921081543, 7.978438377380371, 7.976239204406738, 7.976146697998047, 7.975800514221191, 7.972574710845947, 7.969004154205322, 7.96623420715332, 7.965590000152588, 7.9643940925598145, 7.963611125946045, 7.962174892425537, 7.961349010467529, 7.959482192993164, 7.957756996154785, 7.952909469604492, 7.948019027709961, 7.947054386138916, 7.943087577819824, 7.940687656402588, 7.938329696655273, 7.934957504272461, 7.932650566101074, 7.923584461212158, 7.922775745391846, 7.921250343322754, 7.915228843688965, 7.911282539367676, 7.909857749938965, 7.909061431884766, 7.90772008895874, 7.906461238861084], "1": [8.763553619384766, 8.73192024230957, 8.51445484161377, 8.432106971740723, 8.387578010559082, 8.378734588623047, 8.29533576965332, 8.179155349731445, 8.136675834655762, 8.034430503845215, 7.959500312805176, 7.947231292724609, 7.917882919311523, 7.8946428298950195, 7.859196662902832, 7.8417792320251465, 7.832962989807129, 7.818057537078857, 7.816799163818359, 7.797754764556885, 7.79429292678833, 7.785378456115723, 7.70943546295166, 7.707569599151611, 7.704825401306152, 7.7006330490112305, 7.67756462097168, 7.67311954498291, 7.671300888061523, 7.659021854400635, 7.651247978210449, 7.642332077026367, 7.625894069671631, 7.616325378417969, 7.605648040771484, 7.602415561676025, 7.600652694702148, 7.58599853515625, 7.5797576904296875, 7.5728983879089355, 7.559919834136963, 7.558205604553223, 7.5547404289245605, 7.552311897277832, 7.546426296234131, 7.525175094604492, 7.512367248535156, 7.507728576660156, 7.506269454956055, 7.502392768859863, 7.501386642456055, 7.497782230377197, 7.49704647064209, 7.493079662322998, 7.490347385406494, 7.477470397949219, 7.47633695602417, 7.466344833374023, 7.464466094970703, 7.464097499847412, 7.462319374084473, 7.458277702331543, 7.455744743347168, 7.453915119171143, 7.448710918426514, 7.445940017700195, 7.442223072052002, 7.440930366516113, 7.440821170806885, 7.437992095947266, 7.433155059814453, 7.429955005645752, 7.42877197265625, 7.428196430206299, 7.421005725860596, 7.420093536376953, 7.4193220138549805, 7.417574882507324, 7.417407989501953, 7.416083335876465, 7.415801048278809, 7.413568496704102, 7.40706729888916, 7.405094146728516, 7.403290271759033, 7.40205192565918, 7.393683910369873, 7.393464088439941, 7.393115997314453, 7.390997409820557, 7.384309768676758, 7.383689880371094, 7.382621765136719, 7.378737926483154, 7.378086090087891, 7.377893447875977, 7.377447605133057, 7.375907897949219, 7.37431526184082, 7.372809410095215], "2": [8.808147430419922, 8.734254837036133, 8.39633560180664, 8.241291046142578, 8.173704147338867, 8.034185409545898, 7.991306304931641, 7.929928779602051, 7.927990913391113, 7.892399311065674, 7.8716278076171875, 7.86325740814209, 7.789140224456787, 7.770082473754883, 7.765885353088379, 7.718894958496094, 7.71502685546875, 7.706018924713135, 7.6837663650512695, 7.66684627532959, 7.653168678283691, 7.653130531311035, 7.647441387176514, 7.644129753112793, 7.642956733703613, 7.635313034057617, 7.633751392364502, 7.6254377365112305, 7.613925457000732, 7.613310813903809, 7.612021446228027, 7.604002952575684, 7.599005699157715, 7.590201377868652, 7.589813232421875, 7.588943958282471, 7.587555408477783, 7.584883213043213, 7.572832107543945, 7.571508407592773, 7.567663192749023, 7.56425666809082, 7.563861846923828, 7.5603346824646, 7.559754371643066, 7.5584001541137695, 7.556751251220703, 7.5469770431518555, 7.54068660736084, 7.539471626281738, 7.53936767578125, 7.538946628570557, 7.536376953125, 7.524588584899902, 7.516972541809082, 7.512744903564453, 7.505454063415527, 7.5036187171936035, 7.503365516662598, 7.503316879272461, 7.501575469970703, 7.500782012939453, 7.4985198974609375, 7.497221946716309, 7.496255397796631, 7.49515438079834, 7.492464065551758, 7.490114688873291, 7.490100860595703, 7.480423927307129, 7.476132392883301, 7.469121932983398, 7.463525772094727, 7.4610443115234375, 7.459992408752441, 7.456722736358643, 7.456119060516357, 7.453738689422607, 7.453731536865234, 7.450785160064697, 7.449871063232422, 7.447270393371582, 7.440427780151367, 7.434126377105713, 7.430485725402832, 7.428025245666504, 7.425895690917969, 7.425065517425537, 7.424816131591797, 7.424528121948242, 7.422235488891602, 7.421577453613281, 7.419824123382568, 7.419033527374268, 7.4173736572265625, 7.416118621826172, 7.415762901306152, 7.414721965789795, 7.412801265716553, 7.412669658660889], "3": [10.022590637207031, 9.946287155151367, 9.939212799072266, 9.84305191040039, 9.621920585632324, 9.609975814819336, 9.328600883483887, 9.319318771362305, 9.285543441772461, 9.196332931518555, 9.099172592163086, 9.069513320922852, 8.87102222442627, 8.850088119506836, 8.833534240722656, 8.775501251220703, 8.767181396484375, 8.75112533569336, 8.72060775756836, 8.707559585571289, 8.687705993652344, 8.679917335510254, 8.676284790039062, 8.67478084564209, 8.66077709197998, 8.651802062988281, 8.646928787231445, 8.623920440673828, 8.61600399017334, 8.592187881469727, 8.591991424560547, 8.578237533569336, 8.573619842529297, 8.564009666442871, 8.560147285461426, 8.557453155517578, 8.557218551635742, 8.555594444274902, 8.555445671081543, 8.535353660583496, 8.530607223510742, 8.521905899047852, 8.520462036132812, 8.519270896911621, 8.495255470275879, 8.46949577331543, 8.466544151306152, 8.460176467895508, 8.454721450805664, 8.446447372436523, 8.445932388305664, 8.445138931274414, 8.444144248962402, 8.438212394714355, 8.432741165161133, 8.431396484375, 8.42501163482666, 8.41626262664795, 8.409417152404785, 8.408278465270996, 8.408234596252441, 8.405529022216797, 8.401901245117188, 8.398276329040527, 8.392221450805664, 8.3807954788208, 8.368474006652832, 8.351314544677734, 8.351093292236328, 8.349076271057129, 8.341188430786133, 8.335102081298828, 8.3241548538208, 8.322829246520996, 8.321491241455078, 8.319957733154297, 8.318825721740723, 8.31677532196045, 8.315898895263672, 8.314757347106934, 8.312864303588867, 8.311666488647461, 8.300220489501953, 8.296165466308594, 8.280864715576172, 8.27794075012207, 8.276668548583984, 8.275606155395508, 8.271018981933594, 8.267743110656738, 8.263069152832031, 8.262455940246582, 8.25928783416748, 8.258003234863281, 8.256319999694824, 8.251191139221191, 8.250158309936523, 8.24470329284668, 8.244414329528809, 8.242227554321289],