{"49": 2.4622087478637695, "3": 2.2533011436462402, "1": 2.1741886138916016, "36": 2.101201295852661, "28": 1.5191130638122559, "10": 1.477672815322876, "45": 1.1684949398040771, "37": 1.0999062061309814, "33": 1.0869834423065186, "14": 0.898249089717865, "41": 0.8332407474517822, "30": 0.8174539804458618, "48": 0.8151460886001587, "24": 0.8148760795593262, "23": 0.7985110878944397, "12": 0.6650939583778381, "18": 0.6478234529495239, "26": 0.5688334107398987, "42": 0.39718329906463623, "29": 0.36711522936820984, "4": 0.33402878046035767, "31": 0.3255262076854706, "38": 0.3113956153392792, "43": 0.22891950607299805, "39": 0.22713793814182281, "20": 0.15491914749145508, "15": 0.1375647485256195, "27": 0.11875113844871521, "9": 0.09157359600067139, "2": 0.08649688214063644, "46": 0.08022614568471909, "47": 0.019060583785176277, "21": 0.011765756644308567, "19": -0.05306018888950348, "16": -0.07374437898397446, "11": -0.11429712176322937, "35": -0.11430561542510986, "8": -0.1589478850364685, "25": -0.20503054559230804, "34": -0.2206193506717682, "17": -0.3818522095680237, "13": -0.4375292658805847, "5": -0.5233025550842285, "7": -0.540824294090271, "44": -0.6999020576477051, "32": -0.7723513245582581, "40": -0.7809233069419861, "6": -0.8088042736053467, "22": -0.8872959613800049, "0": -0.9652835130691528}